sample_id,vesicularirty_0_5,vesicularirty_0_6,vesicularirty_0_7,vesicularirty_0_8,vesicularirty_0_9,br_d_area,br_d_area_in_mm2,ce_br_d,ce_ct,ce_fat,ce_ne,ce_other,ce_st,ce_total_count,ce_per_1000_epithelial_cells,ce_per_mm2,ct_area,ct_area_in_mm2,end_br_d,end_ct,end_fat,end_ne,end_other,end_st,end_total_count,end_per_1000_epithelial_cells,end_per_mm2,fat_area,fat_area_in_mm2,intra_tumoral_endothelial_cells,intra_tumoral_fibroblasts,intra_tumoral_macrophages,intra_tumoral_neutrophils,intra_tumoral_normal_cells,intra_tumoral_plasma_cells,intra_tumoral_tils_tils_density,intra_tumoral_tils_tils,intra_tumoral_tils_area_in_mm²,intra_tumoral_tumor_infiltrating_lymphocytes,intra_tumoral_tumor_epithelial_cells,mit_total_count,mit_per_1000_epithelial_cells,mit_per_mm2,mitotic_cells_per_10_hpf,mitotic_cells_per_10000_tumor_cells,mph_br_d,mph_ct,mph_fat,mph_ne,mph_other,mph_st,mph_total_count,mph_per_1000_epithelial_cells,mph_per_mm2,ne_area,ne_area_in_mm2,neu_br_d,neu_ct,neu_fat,neu_ne,neu_other,neu_st,neu_total_count,neu_per_1000_epithelial_cells,neu_per_mm2,other_area,other_area_in_mm2,peri_tumoral_endothelial_cells,peri_tumoral_fibroblasts,peri_tumoral_macrophages,peri_tumoral_neutrophils,peri_tumoral_normal_cells,peri_tumoral_plasma_cells,peri_tumoral_tils_tils_density,peri_tumoral_tils_tils,peri_tumoral_tils_area_in_mm²,peri_tumoral_tumor_infiltrating_lymphocytes,peri_tumoral_tumor_epithelial_cells,st_area,st_area_in_mm2,side_iqr,side_mean,side_median,side_std,skin_area,skin_area_in_mm2,stromal_endothelial_cells,stromal_fibroblasts,stromal_macrophages,stromal_neutrophils,stromal_normal_cells,stromal_plasma_cells,stromal_tils_tils_density,stromal_tils_tils,stromal_tils_area_in_mm²,stromal_tumor_infiltrating_lymphocytes,stromal_tumor_epithelial_cells,til_br_d,til_ct,til_fat,til_ne,til_other,til_st,til_total_count,til_per_1000_epithelial_cells,til_per_mm2,tubule_score,tubule_mm2,ct_area,fib_br_d,fib_ct,fib_fat,fib_ne,fib_other,fib_st,fib_total_count,fib_per_1000_epithelial_cells,fib_per_mm2,mimi_total_count,mimi_per_1000_epithelial_cells,mimi_per_mm2,mitoticscore,nce_br_d,nce_ct,nce_fat,nce_ne,nce_other,nce_st,nce_total_count,nce_per_1000_epithelial_cells,nce_per_mm2,npscore,plasma_br_d,plasma_ct,plasma_fat,plasma_ne,plasma_other,plasma_st,plasma_total_count,plasma_per_1000_epithelial_cells,plasma_per_mm2,total_number_tubules_10,total_number_tubules_40,total_number_tubules_in_ct_10,total_number_tubules_in_ct_40,total_percentage_tubule_area,total_percentage_tubule_area_in_ct,tubule_area,tubule_in_ct_area,vesicularity_iqr,vesicularity_sd,vesicularity_mean,vesicularity_median,ce_skin,end_skin,mph_skin,neu_skin,til_skin,fib_skin,nce_skin,plasma_skin
pccm_amaranth_hne_01,0.6653645833333334,0.6263020833333334,0.5924479166666666,0.55078125,0.47265625,0.1,0.02,2.04,78.73,0.0,,16.03,3.19,4608.0,1000.0,289.99370673379485,16.3,2.59,1.91,46.14,0.2,,10.93,40.82,1005.0,218.0,63.247325361862806,1.4,0.22,143.51,924.04,7.88,0.88,179.38,41.13,6.8,67.0,1.14,1840.2,3421.4,0.0,0.0,0.0,0.0,0.0,0.0,28.45,0.86,,4.31,66.38,120.0,26.0,7.551919446192573,0.8,0.12,0.0,25.0,0.0,,15.0,60.0,23.0,5.0,1.44745122718691,27.5,4.37,124.16,1299.25,13.3,3.55,6.21,54.99,6.0,46.0,1.13,1704.55,92.23,53.9,8.57,3.7,8.94,8.33,2.87,0.0,0.0,92.46,1086.37,3.3,3.3,6.6,29.72,4.9,34.0,0.61,1294.4,31.37,0.79,62.85,0.3,,6.09,29.97,9405.0,2041.0,591.881686595343,3.0,2.702180044743161,2590500.9599999995,0.23,53.6,0.42,,7.22,38.54,5759.0,1250.0,362.4292007551919,121.0,26.0,7.614852108244178,1.0,0.43,87.5,0.0,,4.74,7.33,232.0,50.0,14.60037759597231,2.0,0.0,80.86,0.0,,3.09,16.05,162.0,35.0,10.195091252359974,9.0,1.0,7.0,1.0,0.9777500355035057,0.7419846700230524,25578.719999999998,19221.12,0.11,0.08,0.86,0.87,,,,,,,,
pccm_amaranth_hne_02,0.6936274509803921,0.6458333333333334,0.6090686274509803,0.5563725490196079,0.49264705882352944,0.1,0.03,0.06,32.1,,,2.11,65.73,6841.0,1000.0,238.77835951134375,14.1,4.03,2.91,20.36,,,2.91,73.83,451.0,66.0,15.741710296684115,0.1,0.02,12.12,38.66,12.69,0.0,1.15,2.88,2.1,38.0,1.73,628.3,1303.9,5.0,1.0,0.1745200698080279,0.0,7.0,0.0,33.33,,,0.51,66.16,205.0,30.0,7.155322862129143,0.0,0.01,0.0,0.0,,,0.0,100.0,1.0,0.0,0.03490401396160558,1.5,0.44,12.55,45.19,16.74,0.28,0.28,5.3,2.0,12.0,3.58,575.52,210.62,84.2,24.12,2.78,8.56,8.18,2.34,0.0,0.0,21.11,95.46,14.23,0.0,0.0,4.13,1.8,11.0,2.18,556.69,122.99,0.09,19.34,,,1.02,79.55,13376.0,1955.0,466.8760907504362,3.0,0.2482247364012164,4028607.3599999994,1.17,29.14,,,4.38,65.31,948.0,139.0,33.08900523560209,122.0,18.0,4.258289703315881,1.0,11.11,11.11,,,0.0,77.78,18.0,3.0,0.6282722513089004,2.0,0.0,18.33,,,0.0,81.67,60.0,9.0,2.0942408376963346,8.0,3.0,1.0,0.0,0.8062028476993541,0.09847571742509055,32742.719999999998,3967.2,0.1,0.09,0.84,0.86,,,,,,,,
pccm_amaranth_hne_03,0.5521148036253777,0.5083081570996979,0.47583081570996977,0.43089123867069484,0.3833081570996979,0.2,0.06,0.49,72.25,0.02,0.06,0.42,26.75,23033.0,1000.0,683.6746809142179,32.6,10.98,1.94,45.54,0.58,0.0,0.39,51.55,538.0,23.0,15.969130305728704,1.2,0.41,20.54,32.83,4.05,0.14,48.31,1.16,3.9,56.0,6.91,1367.08,2167.06,9.0,0.0,0.26714158504007124,3.0,4.0,0.0,52.05,1.17,1.17,0.0,45.61,179.0,8.0,5.313149302463639,0.1,0.05,0.0,16.67,0.0,0.0,0.0,83.33,6.0,0.0,0.17809439002671418,0.4,0.13,14.64,46.12,12.02,0.22,1.53,0.87,3.6,32.0,4.58,1371.79,218.14,65.5,22.06,1.85,7.15,6.79,1.52,0.0,0.0,23.11,26.81,8.32,0.0,1.85,0.92,5.6,40.0,1.08,2646.37,59.16,0.33,57.8,0.32,0.07,1.1,40.38,29681.0,1289.0,881.0032650638173,3.0,1.4567934935057385,10983025.44,0.92,66.97,0.13,0.0,1.83,30.14,764.0,33.0,22.67735233006827,122.0,5.0,3.6212525972098546,1.0,2.36,87.5,0.0,0.0,0.0,10.14,424.0,18.0,12.585336895221134,2.0,0.0,45.45,0.0,0.0,9.09,45.45,22.0,1.0,0.6530127634312853,20.0,5.0,16.0,2.0,0.5748514671565684,0.4167507418611606,63501.119999999995,45771.84,0.13,0.09,0.84,0.86,,,,,,,,
pccm_amaranth_hne_04,0.6909509202453987,0.6533742331288344,0.6046779141104295,0.55329754601227,0.4869631901840491,0.4,0.21,1.61,82.99,0.01,0.05,4.16,11.19,38049.0,1000.0,687.5496928080954,41.5,22.97,1.0,64.02,0.92,0.04,11.74,22.28,4755.0,125.0,85.9233827249729,4.6,2.56,126.32,184.76,11.34,0.87,106.06,13.33,6.6,71.0,11.55,2006.58,2426.07,46.0,1.0,0.8312251535959523,5.0,12.0,0.2,51.48,0.2,0.0,4.34,43.79,520.0,14.0,9.3964582580412,1.8,1.01,0.0,56.52,0.0,6.52,8.7,28.26,47.0,1.0,0.8492952656306468,7.0,3.86,89.42,250.51,12.47,0.71,3.39,10.97,4.4,36.0,12.67,1386.51,160.22,44.7,24.73,2.47,7.93,7.41,2.23,0.0,0.0,92.18,159.45,15.74,0.57,2.29,6.01,3.8,28.0,3.49,1199.77,71.57,1.38,73.34,0.26,0.06,4.96,20.0,59979.0,1576.0,1083.8272497289483,3.0,2.917293553863867,22966492.319999997,0.34,58.27,0.48,0.0,6.75,34.16,8819.0,232.0,159.3603180339718,1197.0,31.0,21.629924105529454,1.0,5.82,87.43,0.0,0.0,3.38,3.38,1513.0,40.0,27.340079508492952,2.0,0.99,70.12,0.0,0.0,2.72,26.17,406.0,11.0,7.336465486086014,78.0,16.0,67.0,13.0,1.0447444857209052,0.8727218645637743,242474.4,200433.6,0.08,0.07,0.89,0.9,,,,,,,,
pccm_amaranth_hne_05,0.6787161109379869,0.6450607665939545,0.6067310688688065,0.5553131816765348,0.49267684636958553,1.5,1.0,5.07,72.0,0.06,0.2,1.73,20.94,53160.0,1000.0,803.9927404718693,28.3,18.73,3.89,53.95,0.41,0.0,1.35,40.41,4006.0,75.0,60.58681185722928,3.3,2.19,109.62,60.51,3.91,0.0,256.77,1.17,5.2,54.0,12.01,1737.79,2930.49,48.0,1.0,0.7259528130671505,5.0,9.0,2.42,51.21,0.97,0.48,0.0,44.93,216.0,4.0,3.2667876588021776,0.2,0.11,0.0,14.29,0.0,0.0,0.0,85.71,7.0,0.0,0.1058681185722928,1.8,1.2,91.18,48.94,6.48,0.21,7.43,0.74,4.1,30.0,9.42,1465.31,168.57,64.9,42.89,2.16,7.99,7.72,1.93,0.0,0.0,93.67,24.55,7.93,0.0,3.4,0.38,6.7,46.0,2.65,2680.64,80.08,3.66,53.86,0.47,0.01,0.21,41.78,79931.0,1504.0,1208.8777979431336,1.0,11.212952054006498,18728341.919999998,6.45,63.83,0.5,0.19,1.5,27.53,1607.0,30.0,24.304295220810644,234.0,4.0,3.539019963702359,1.0,8.02,72.62,0.0,0.0,1.58,17.78,4418.0,83.0,66.81790683605566,2.0,0.0,50.0,0.0,0.0,3.33,46.67,32.0,1.0,0.4839685420447671,348.0,108.0,210.0,54.0,7.020845720563812,3.8895283048100175,1414175.0399999998,728444.1599999999,0.11,0.09,0.85,0.87,,,,,,,,
pccm_amaranth_hne_06,0.7098540145985401,0.6742700729927007,0.6307785888077859,0.587287104622871,0.517639902676399,0.2,0.15,0.39,86.56,0.01,0.24,2.46,10.34,40583.0,1000.0,606.168782673637,24.4,16.31,3.21,33.88,0.76,0.0,5.5,56.64,1884.0,46.0,28.140403286034353,2.7,1.81,31.34,95.04,6.23,0.19,10.69,5.39,5.3,67.0,10.75,1791.83,2951.97,23.0,1.0,0.3435399551904406,2.0,6.0,0.0,74.23,0.0,0.0,1.55,24.23,222.0,5.0,3.3159073935772962,0.1,0.07,0.0,12.5,0.0,0.0,0.0,87.5,9.0,0.0,0.1344286781179985,4.7,3.14,55.05,95.52,7.08,0.0,0.28,3.54,3.0,24.0,7.07,1074.53,200.24,67.9,45.47,1.85,7.55,7.41,1.81,0.0,0.0,62.71,59.43,9.11,0.0,1.09,2.92,4.2,25.0,2.74,1890.81,94.8,1.18,77.25,0.24,0.19,1.71,19.44,43694.0,1077.0,652.6362957430919,3.0,0.42927899389327817,16306411.68,0.7,68.91,0.23,0.0,3.88,26.27,2565.0,63.0,38.312173263629575,518.0,13.0,7.737117251680358,1.0,0.0,71.76,0.0,0.0,0.0,28.24,216.0,5.0,3.226288274831964,2.0,0.0,76.72,0.0,0.0,2.59,20.69,116.0,3.0,1.7326362957430919,47.0,8.0,7.0,1.0,0.8073274304221544,0.11946417386170147,132717.6,19480.319999999996,0.09,0.07,0.86,0.88,,,,,,,,
pccm_amaranth_hne_07,0.7089965397923875,0.6778546712802768,0.6328719723183391,0.5833910034602076,0.5121107266435986,0.1,0.03,0.11,92.31,0.01,0.06,3.11,4.26,73657.0,1000.0,1604.3781311261162,61.8,28.39,0.09,71.47,0.0,0.0,4.52,23.45,1091.0,15.0,23.763885863646262,1.1,0.5,14.79,33.86,3.72,0.46,13.87,2.19,5.6,60.0,19.61,1558.14,2985.28,9.0,0.0,0.1960357220649096,3.0,1.0,0.45,65.16,0.0,13.57,1.81,19.0,230.0,3.0,5.009801786103245,2.4,1.08,0.0,56.0,0.0,4.0,4.0,36.0,25.0,0.0,0.5445436724025267,5.5,2.51,32.18,58.46,8.71,0.54,0.4,2.55,5.5,33.0,7.46,1795.62,234.09,29.1,13.38,2.78,8.66,8.33,2.31,0.0,0.02,42.65,38.24,11.77,0.74,0.74,2.21,6.5,38.0,1.36,2506.73,108.09,0.23,87.15,0.03,0.28,3.67,8.63,57436.0,780.0,1251.0564147244609,3.0,0.4578277787695032,28394956.8,0.37,75.11,0.0,0.0,0.53,23.43,2472.0,34.0,53.84447832716183,531.0,7.0,11.566107601829666,1.0,4.97,88.95,0.0,0.0,2.49,3.59,367.0,5.0,7.993901110869091,2.0,0.0,79.34,0.0,1.65,0.0,18.18,123.0,2.0,2.679154868220431,16.0,2.0,13.0,1.0,0.13154420785372553,0.11110761753298388,37401.119999999995,31548.96,0.09,0.07,0.86,0.87,0.15,0.47,0.0,0.0,0.02,0.57,0.0,0.83
pccm_amaranth_hne_08,0.6581555518226104,0.6309423819922728,0.5921384176045691,0.5558541911641189,0.5010918864438099,0.0,0.0,,99.11,0.01,,,0.88,72454.0,1000.0,2722.8109733183014,59.3,15.77,,36.0,3.73,,,60.27,987.0,14.0,37.0913190529876,10.8,2.87,15.21,604.43,51.7,0.07,22.08,18.65,3.1,42.0,13.68,951.11,4828.09,38.0,1.0,1.4280345734686208,10.0,5.0,,81.97,0.41,,,17.63,1238.0,17.0,46.523863209319806,0.0,0.0,,40.0,0.0,,,60.0,5.0,0.0,0.18789928598271327,0.0,0.0,51.05,1012.17,68.51,0.33,3.29,17.13,3.4,38.0,3.04,1364.6,156.12,30.0,7.97,2.47,8.39,8.02,2.07,0.0,0.0,128.76,371.31,37.93,0.0,0.0,13.97,5.3,58.0,1.0,2332.66,19.96,,71.26,1.36,,,27.39,24766.0,342.0,930.7027433295754,3.0,0.2537082711291394,15766139.52,,82.36,0.68,,,16.97,14252.0,197.0,535.5881247651259,439.0,6.0,16.497557309282225,2.0,,84.33,0.52,,,15.14,385.0,5.0,14.468245020668922,2.0,,89.4,0.27,,,10.33,370.0,5.0,13.904547162720782,7.0,1.0,4.0,0.0,0.10626480620381366,0.03777614673804434,16771.68,5955.839999999999,0.1,0.08,0.85,0.87,,,,,,,,
pccm_amaranth_hne_09,0.5348406226834692,0.5007412898443291,0.4614529280948851,0.4229058561897702,0.3758339510748703,0.5,0.31,1.38,90.32,0.08,0.04,0.13,8.02,64840.0,1000.0,943.5389988358556,52.9,36.35,3.24,62.39,3.71,0.05,0.37,30.24,1928.0,30.0,28.055878928987195,8.5,5.84,17.34,382.15,11.15,0.22,2.04,4.03,1.2,19.0,22.6,449.01,2255.13,227.0,4.0,3.3032596041909197,28.0,35.0,0.18,73.87,0.4,0.44,0.67,24.45,2322.0,36.0,33.78928987194412,0.7,0.46,0.0,31.65,3.8,0.0,12.66,51.9,89.0,1.0,1.2951105937136205,1.5,1.03,45.33,825.06,46.79,1.66,1.07,12.38,3.8,38.0,10.26,1509.17,185.89,36.0,24.71,2.78,9.22,9.26,2.13,0.0,0.02,63.02,879.2,74.48,0.61,0.41,14.32,6.0,63.0,4.89,2455.9,53.61,0.86,73.63,1.07,0.09,0.7,23.65,60592.0,934.0,881.7229336437719,3.0,0.5227404210745186,36346911.839999996,1.22,77.22,0.97,0.01,0.71,19.86,32324.0,499.0,470.37252619324795,897.0,14.0,13.052968568102445,3.0,63.36,24.88,0.0,0.0,0.0,11.75,434.0,7.0,6.315483119906869,2.0,0.0,87.52,0.37,0.0,0.74,11.36,542.0,8.0,7.887077997671711,29.0,9.0,19.0,3.0,0.6296326464440571,0.14022077095394855,230302.08,50965.92,0.18,0.12,0.77,0.79,0.04,0.0,0.0,0.0,0.0,0.0,0.0,0.0
pccm_amaranth_hne_10,0.6381288614298323,0.6048837893498088,0.56957928802589,0.5298617240364814,0.4780817887614004,0.0,0.0,,94.4,0.05,0.51,0.0,5.04,34913.0,1000.0,1017.5750510055377,36.8,12.64,,54.2,3.36,3.36,0.0,39.08,253.0,7.0,7.373943456718157,1.0,0.36,7.74,186.29,8.56,0.83,16.5,8.56,1.1,15.0,9.69,327.8,2844.3,170.0,5.0,4.954823666569513,30.0,49.0,,32.74,0.0,27.61,0.0,39.64,534.0,15.0,15.563975517341882,19.4,6.66,,64.71,0.0,17.65,0.0,17.65,17.0,0.0,0.4954823666569513,1.2,0.41,14.83,407.78,27.8,0.23,1.62,15.76,1.3,10.0,4.32,444.62,175.39,41.5,14.24,2.78,9.47,9.26,2.21,0.0,0.0,27.72,643.72,27.72,0.0,2.6,13.0,1.6,17.0,1.15,637.65,48.52,,59.56,0.93,8.18,0.05,31.28,8275.0,237.0,241.18332847566305,3.0,0.3955869159140199,12639447.359999998,,57.53,0.44,0.48,0.0,41.55,5690.0,163.0,165.8408627222384,191.0,5.0,5.566890119498688,3.0,,92.18,0.0,0.0,0.0,7.82,179.0,5.0,5.2171378606820165,2.0,,58.51,0.0,13.28,0.0,28.22,242.0,7.0,7.053337219469542,10.0,1.0,5.0,0.0,0.19188632960852123,0.09593963766466448,24300.0,12126.239999999998,0.11,0.09,0.85,0.88,,,,,,,,
pccm_amaranth_hne_11,0.6084571428571428,0.5757714285714286,0.5428571428571428,0.5083428571428571,0.4614857142857143,0.2,0.2,1.52,88.04,0.02,0.96,0.13,9.33,36685.0,1000.0,420.7477921780021,14.9,12.95,1.37,33.02,3.07,0.17,0.77,61.6,1226.0,33.0,14.06124555568299,13.6,11.86,20.49,199.97,43.52,3.59,38.98,12.36,1.8,28.0,9.47,585.87,3168.31,127.0,3.0,1.4565890583782544,24.0,35.0,0.65,57.09,0.36,2.89,0.29,38.71,1455.0,40.0,16.687693542837483,2.0,1.77,0.26,17.85,0.52,2.36,4.72,74.28,393.0,11.0,4.5073976373437326,3.7,3.23,35.86,227.38,64.99,10.92,4.37,17.48,2.6,25.0,5.49,929.89,150.73,65.6,57.18,2.47,8.53,8.33,2.24,0.0,0.0,31.56,110.46,57.86,11.48,0.48,6.69,2.8,30.0,2.09,1119.86,30.6,0.96,39.06,0.73,0.62,0.34,58.28,35937.0,980.0,412.1688267003097,3.0,2.9333428287184566,12954503.52,1.3,69.61,1.65,0.23,0.48,26.74,4831.0,132.0,55.40773024429407,244.0,7.0,2.7984860649157013,3.0,10.42,67.43,0.0,0.0,0.16,21.99,623.0,17.0,7.145314829682303,2.0,0.26,61.36,1.31,2.09,0.52,34.46,393.0,11.0,4.5073976373437326,58.0,16.0,38.0,6.0,1.7740902441469097,1.0458213222207686,233975.52,135480.96,0.12,0.09,0.82,0.84,,,,,,,,
pccm_amaranth_hne_12,0.689922480620155,0.6550387596899225,0.6111111111111112,0.5710594315245479,0.5232558139534884,0.1,0.05,0.57,16.72,0.57,,0.06,82.08,7159.0,1000.0,177.99602187966187,4.5,1.81,1.72,9.36,3.82,,0.38,84.72,1095.0,153.0,27.22526106414719,4.2,1.68,12.15,100.47,43.75,2.43,0.0,10.53,2.4,44.0,1.23,755.94,1622.87,25.0,3.0,0.6215813028344107,0.0,35.0,0.0,15.13,0.61,,0.0,84.27,679.0,95.0,16.882148184982597,0.0,0.0,0.0,3.03,0.0,,13.64,83.33,67.0,9.0,1.6658378915962209,3.8,1.54,23.93,225.96,58.48,0.66,0.0,13.96,3.4,32.0,1.5,1336.48,175.45,87.4,35.14,2.47,8.22,8.02,1.9,0.0,0.0,51.12,148.76,25.79,1.38,0.0,5.99,8.6,68.0,2.17,4624.35,33.62,0.48,17.08,1.04,,0.31,81.09,41601.0,5811.0,1034.3361511685728,3.0,0.0,1806343.2,0.85,9.99,1.99,,0.06,87.11,3453.0,482.0,85.85280954748882,82.0,11.0,2.038786673296867,1.0,80.0,0.0,0.0,,0.0,20.0,5.0,1.0,0.12431626056688215,2.0,0.0,28.83,0.0,,0.0,71.17,114.0,16.0,2.834410740924913,7.0,4.0,0.0,0.0,2.0591390545434103,0.0023915720999198825,37977.119999999995,43.199999999999996,0.08,0.07,0.86,0.88,,,,,,,,
pccm_amaranth_hne_13,0.669750231267345,0.635522664199815,0.5951279679309281,0.5547332716620413,0.4939870490286771,0.0,0.03,0.06,80.0,0.05,,19.12,0.77,92260.0,1000.0,1362.7769571639585,67.6,45.78,0.29,70.33,0.51,,26.61,2.16,7756.0,84.0,114.5642540620384,2.4,1.64,103.57,92.18,10.13,1.67,17.87,1.15,8.5,72.0,25.18,2976.7,2757.96,42.0,0.0,0.620384047267356,11.0,5.0,0.0,87.42,0.12,,8.84,3.61,816.0,9.0,12.053175775480058,0.0,0.0,0.0,73.17,0.81,,25.2,0.81,123.0,1.0,1.8168389955686852,23.3,15.8,137.21,213.06,15.42,2.41,0.99,1.87,12.0,64.0,18.22,4568.89,173.65,6.6,4.44,3.09,9.08,8.64,2.42,0.0,0.01,96.33,156.42,24.22,1.31,0.56,1.5,15.1,72.0,5.33,6054.1,59.71,0.01,82.5,0.17,,15.81,1.52,262522.0,2845.0,3877.725258493353,3.0,0.6334768220372289,45779101.92,0.14,84.34,0.83,,12.29,2.24,8481.0,92.0,125.27326440177252,987.0,11.0,14.579025110782865,2.0,0.34,72.84,0.0,,25.64,1.19,592.0,6.0,8.744460856720826,2.0,0.0,89.41,0.0,,7.06,3.53,85.0,1.0,1.2555391432791727,29.0,5.0,29.0,5.0,0.171593089777178,0.16786489200747515,78688.8,76847.04,0.12,0.09,0.83,0.84,0.0,0.1,0.0,0.0,0.0,0.17,0.0,0.0
pccm_amaranth_hne_14,0.6716589861751152,0.6221198156682027,0.5829493087557603,0.5472350230414746,0.45852534562211983,0.3,0.02,0.27,72.91,0.67,0.04,21.68,4.43,2239.0,1000.0,345.5246913580247,31.2,2.02,0.5,45.23,3.02,0.0,16.33,34.92,405.0,181.0,62.50000000000001,14.8,0.96,26.25,122.51,17.5,0.0,18.96,11.67,11.2,76.0,0.69,3195.35,2377.19,2.0,1.0,0.308641975308642,0.0,9.0,0.0,36.42,0.58,0.0,2.31,60.69,174.0,78.0,26.851851851851855,0.2,0.01,0.0,50.0,0.0,0.0,25.0,25.0,4.0,2.0,0.617283950617284,13.4,0.87,105.98,542.52,39.86,0.97,0.0,7.78,7.7,51.0,1.03,2594.97,129.31,40.1,2.6,3.39,9.8,9.26,3.18,0.0,0.0,90.21,629.86,36.57,0.0,0.0,21.94,5.0,40.0,1.23,1870.9,47.14,0.89,69.24,0.59,0.0,13.02,16.26,9752.0,4356.0,1504.9382716049383,3.0,1.4864643743245507,2018211.8399999999,0.12,35.69,1.07,0.04,5.95,57.13,2442.0,1091.0,376.8518518518519,97.0,43.0,14.969135802469136,1.0,14.29,64.29,0.0,0.0,21.43,0.0,14.0,6.0,2.160493827160494,3.0,0.0,43.84,0.0,0.0,0.0,56.16,73.0,33.0,11.265432098765434,3.0,1.0,3.0,0.0,0.6074032994799663,0.41318952920224666,12333.6,8339.039999999999,0.11,0.09,0.86,0.88,,,,,,,,
pccm_amaranth_hne_16,0.6216931216931217,0.5824175824175825,0.5421245421245421,0.5032560032560033,0.454008954008954,1.4,0.84,2.81,87.32,0.07,0.01,1.22,8.57,85560.0,1000.0,1462.3141343360107,40.1,23.44,6.77,53.21,0.4,0.0,0.63,38.99,1773.0,21.0,30.302512391044264,1.5,0.88,41.21,59.79,9.29,0.25,290.53,1.02,7.9,79.0,19.7,2571.31,3593.95,23.0,0.0,0.39309519740215343,6.0,3.0,1.62,68.83,0.0,0.2,0.81,28.54,525.0,6.0,8.972825158092633,0.1,0.05,0.0,64.71,0.0,0.0,0.0,35.29,17.0,0.0,0.29054862416680904,0.5,0.32,32.27,45.57,20.24,0.36,14.22,0.91,4.8,39.0,5.49,1622.47,168.26,56.4,32.98,1.85,7.15,7.1,1.46,0.0,0.0,23.06,37.25,24.83,0.0,1.77,0.0,2.8,26.0,0.56,1012.8,72.72,2.68,78.18,0.06,0.01,0.39,18.67,88565.0,1035.0,1513.672876431379,3.0,1.4930012401704382,23442713.279999997,1.88,68.15,0.15,0.0,1.78,28.03,3256.0,38.0,55.64860707571355,592.0,7.0,10.117928559220646,1.0,2.39,86.69,0.0,0.0,0.29,10.63,6986.0,82.0,119.39839343701931,2.0,0.0,93.33,0.0,0.0,0.0,6.67,31.0,0.0,0.5298239617159459,45.0,10.0,35.0,6.0,0.6097061765329149,0.467816837966292,143808.47999999998,109668.96,0.12,0.1,0.83,0.85,,,,,,,,
pccm_amaranth_hne_17,0.6848839731077857,0.6525699414443722,0.6174365647364997,0.5703751897636088,0.506614617219692,0.1,0.02,0.06,97.43,0.13,,0.05,2.33,47517.0,1000.0,1637.3880082701585,65.4,18.98,0.64,69.94,2.08,,0.32,27.02,1279.0,27.0,44.07305306685045,7.7,2.23,33.51,26.53,1.78,0.08,5.82,1.01,6.3,72.0,12.89,1749.69,2956.28,13.0,0.0,0.4479669193659545,3.0,3.0,0.0,80.0,0.0,,0.0,20.0,48.0,1.0,1.6540317022742936,0.0,0.0,33.33,33.33,0.0,,0.0,33.33,3.0,0.0,0.10337698139214335,0.7,0.19,65.35,28.86,2.05,0.0,0.74,0.74,4.3,39.0,5.37,1355.94,185.25,26.2,7.6,2.47,8.82,8.64,2.12,0.0,0.0,67.34,13.66,0.98,0.98,0.0,0.0,3.9,38.0,1.02,1436.49,76.12,0.25,85.03,0.84,,0.65,13.23,43021.0,905.0,1482.460372157133,3.0,0.47416757795352915,18980631.36,0.15,80.81,0.6,,0.0,18.44,669.0,14.0,23.053066850447966,434.0,9.0,14.955203308063405,1.0,0.83,94.17,0.0,,0.0,5.0,120.0,3.0,4.135079255685734,2.0,0.0,95.0,0.0,,0.0,5.0,20.0,0.0,0.6891798759476223,13.0,4.0,9.0,1.0,0.24033605724289475,0.14268271421715237,45727.2,27082.079999999998,0.12,0.09,0.83,0.85,,,,,,,,
pccm_amaranth_hne_18,0.6972386587771203,0.6622287968441815,0.6193293885601578,0.5769230769230769,0.5064102564102564,0.3,0.28,0.31,86.56,0.43,0.04,6.59,6.07,59302.0,1000.0,657.8147531891292,56.3,50.74,1.7,71.43,3.25,0.03,6.13,17.45,7139.0,120.0,79.1902384914032,10.7,9.68,71.23,196.96,45.02,0.62,6.01,6.87,4.7,61.0,24.3,1510.42,2056.88,46.0,1.0,0.5102606766500277,6.0,8.0,0.88,78.25,0.99,0.21,2.34,17.34,5316.0,90.0,58.96838602329451,0.2,0.2,0.0,53.85,1.92,0.0,12.82,31.41,158.0,3.0,1.752634498058791,7.2,6.51,95.51,327.87,88.45,1.34,0.46,15.95,9.0,63.0,23.95,3159.07,164.83,25.2,22.74,2.47,9.13,8.64,2.42,0.0,0.0,116.24,253.39,93.45,3.5,0.08,24.01,13.8,76.0,12.29,5191.21,36.96,0.29,80.24,0.95,2.34,6.27,9.89,226516.0,3820.0,2512.6566833056017,3.0,0.5518592652664315,50737573.43999999,1.64,76.77,1.34,0.0,2.33,17.93,18713.0,316.0,207.57626178591235,2033.0,34.0,22.551303383250136,1.0,20.81,73.41,0.0,0.0,4.05,1.73,173.0,3.0,1.9190238491403215,2.0,0.19,69.39,0.87,0.0,1.83,27.72,1042.0,18.0,11.55851358846367,30.0,14.0,28.0,12.0,0.25241207808255717,0.2186895282471751,128391.84,110957.76,0.09,0.08,0.85,0.87,,,,,,,,
pccm_amaranth_hne_19,0.6420021762785637,0.6060935799782372,0.5647442872687704,0.529923830250272,0.4733405875952122,0.0,0.0,,63.03,,0.42,27.89,8.65,9009.0,1000.0,119.91215226939971,46.2,34.71,,50.62,,0.0,31.37,17.7,322.0,36.0,4.2859044323173165,0.0,0.0,1.74,0.0,2.09,0.0,0.0,1.04,3.4,45.0,2.88,926.27,1074.38,1.0,0.0,0.01331026221216558,0.0,1.0,,72.22,,0.0,22.22,5.56,37.0,4.0,0.49247970185012646,0.1,0.1,,60.0,,0.0,33.33,6.67,15.0,2.0,0.1996539331824837,44.3,33.28,5.04,0.33,0.55,0.33,0.0,0.66,3.4,28.0,9.12,935.51,193.02,9.3,7.02,3.7,10.32,9.57,3.42,0.0,0.02,8.38,0.76,0.82,0.59,0.0,0.7,3.1,24.0,17.06,922.95,112.26,,68.63,,0.2,23.32,7.86,33225.0,3688.0,442.23346199920144,3.0,0.4321414622889921,34710855.839999996,,37.5,,0.0,41.67,20.83,24.0,3.0,0.3194462930919739,376.0,42.0,5.004658591774258,1.0,,,,,,,,,,3.0,,30.95,,0.0,30.95,38.1,42.0,5.0,0.5590310129109544,23.0,8.0,15.0,4.0,0.2929443435942928,0.18717464155732555,101982.23999999999,64969.92,0.14,0.1,0.81,0.84,0.0,0.31,0.0,0.0,0.0,0.0,,0.0
pccm_amaranth_hne_20,0.649079754601227,0.6085889570552148,0.5693251533742332,0.5239263803680981,0.4834355828220859,0.1,0.01,0.0,65.18,0.65,,22.51,11.66,4935.0,1000.0,287.9229871645274,31.0,5.31,0.62,48.55,1.34,,12.71,36.78,981.0,199.0,57.234539089848305,4.3,0.73,57.25,568.88,27.41,1.22,60.3,52.38,7.3,73.0,1.64,2022.74,1840.63,8.0,2.0,0.46674445740956827,0.0,16.0,0.0,47.28,0.29,,4.58,47.85,354.0,72.0,20.653442240373394,0.0,0.0,3.33,13.33,3.33,,23.33,56.67,30.0,6.0,1.750291715285881,9.4,1.61,79.83,998.98,30.21,0.36,4.67,23.01,4.9,41.0,2.78,1468.27,137.01,55.3,9.48,2.47,8.02,7.72,2.18,0.0,0.0,68.72,1332.63,35.13,1.16,0.77,13.9,2.3,21.0,2.59,733.87,45.94,0.09,55.19,1.48,,12.33,30.91,16111.0,3265.0,939.9649941656943,3.0,0.18837576836592163,5308538.399999999,0.03,50.75,0.5,,2.72,45.99,11534.0,2337.0,672.928821470245,107.0,22.0,6.242707117852976,1.0,0.0,73.51,4.32,,11.35,10.81,185.0,37.0,10.793465577596265,2.0,0.0,83.4,0.4,,2.83,13.36,247.0,50.0,14.41073512252042,1.0,1.0,1.0,1.0,0.11028151592375673,0.11040327032389934,5860.8,5860.8,0.1,0.07,0.86,0.88,,,,,,,,
pccm_amaranth_hne_21,0.6151898734177215,0.5822784810126582,0.5430379746835443,0.5050632911392405,0.46455696202531643,1.2,1.71,29.46,32.57,0.26,3.85,0.51,33.36,8282.0,1000.0,57.24752885878206,1.6,2.38,6.49,9.09,2.16,0.0,0.0,82.25,233.0,28.0,1.6105619686182346,27.7,40.13,4.57,8.37,0.76,0.76,0.0,0.76,2.1,39.0,1.31,884.17,2548.26,35.0,4.0,0.24192990944909107,0.0,42.0,1.1,18.68,2.2,2.2,0.0,75.82,94.0,11.0,0.6497546139489874,0.1,0.17,0.0,5.66,4.72,0.0,0.94,88.68,106.0,13.0,0.7327020114743901,0.4,0.59,6.19,2.48,4.95,2.48,0.0,0.0,2.2,23.0,1.62,897.74,148.59,68.9,99.69,2.47,8.0,7.72,1.94,0.0,0.0,5.14,2.11,4.23,2.72,0.0,2.42,7.8,54.0,3.31,3702.65,15.1,3.14,25.33,2.29,0.49,0.23,68.51,39677.0,4791.0,274.2586576346167,3.0,0.0,2382981.1199999996,6.08,10.81,4.73,0.0,3.38,75.0,149.0,18.0,1.0299301859404162,223.0,27.0,1.541439137347066,1.0,33.33,0.0,0.0,0.0,0.0,66.67,15.0,2.0,0.1036842469067533,2.0,1.72,10.34,8.62,0.0,0.0,79.31,58.0,7.0,0.40091242137277944,30.0,5.0,0.0,0.0,4.433812170648957,0.012025273620296243,110558.87999999999,286.55999999999995,0.14,0.1,0.76,0.76,,,,,,,,
pccm_amaranth_hne_22,0.620245757753072,0.5751901696898771,0.5465184318314804,0.5032182562902282,0.4528964306612054,0.0,0.0,,86.65,0.0,1.61,9.08,2.67,36897.0,1000.0,309.20137434006534,38.6,46.05,,40.11,2.86,0.28,7.27,49.48,2550.0,69.0,21.369311991955083,10.8,12.87,6.81,224.5,46.29,0.11,0.34,11.49,2.7,51.0,17.76,958.71,1735.04,372.0,10.0,3.1174055141205064,52.0,101.0,,68.41,0.05,1.81,7.28,22.45,7765.0,210.0,65.07165004609067,8.1,9.67,,15.52,2.59,4.31,30.17,47.41,116.0,3.0,0.9720941925752116,9.8,11.74,20.54,737.96,127.84,0.27,0.0,34.13,4.6,56.0,15.09,1877.74,172.58,32.7,39.0,2.78,10.74,10.49,2.55,0.0,0.0,37.22,753.09,143.7,1.23,0.0,34.12,4.8,54.0,18.73,2048.72,28.09,,67.53,0.12,1.82,14.49,16.04,117967.0,3197.0,988.5778932372413,3.0,0.13028639931522304,46052389.43999999,,62.95,0.23,1.13,10.39,25.29,43296.0,1173.0,362.825777256348,1140.0,31.0,9.55333947875639,3.0,,16.67,0.0,0.0,83.33,0.0,6.0,0.0,0.05028073409871784,3.0,,73.64,0.11,0.81,4.92,20.53,1856.0,50.0,15.553507081203385,24.0,4.0,6.0,0.0,0.1590608026229954,0.03303541941036795,73368.0,15213.599999999999,0.15,0.11,0.67,0.66,,,,,,,,
pccm_amaranth_hne_23,0.6280417149478563,0.6002317497103129,0.5701042873696408,0.5365005793742758,0.4797219003476246,0.5,0.12,1.02,96.37,0.02,0.0,0.93,1.66,16451.0,1000.0,634.1942945258288,46.4,12.04,2.84,58.42,0.41,0.0,5.07,33.27,549.0,33.0,21.164225134926753,6.2,1.6,12.16,8.05,18.96,5.36,0.0,2.86,6.0,73.0,5.59,2355.81,2129.95,46.0,3.0,1.7733230531996915,0.0,28.0,0.0,89.27,0.43,0.0,1.72,8.58,518.0,31.0,19.969159599074786,0.2,0.04,0.0,86.41,0.0,0.0,4.85,8.74,105.0,6.0,4.047802621434078,2.1,0.54,21.88,7.45,46.4,5.77,0.0,6.97,10.9,73.0,4.16,4516.3,173.08,44.7,11.6,2.85,9.19,8.64,2.58,0.0,0.0,25.91,7.94,36.96,14.16,0.0,2.07,7.3,64.0,2.9,3296.25,38.69,1.5,79.93,0.21,0.06,3.57,14.73,59983.0,3646.0,2312.3747108712414,3.0,0.0,12038546.88,2.82,77.97,0.0,0.0,1.69,17.51,183.0,11.0,7.054741711642251,250.0,15.0,9.637625289128758,1.0,16.67,66.67,0.0,0.0,16.67,0.0,6.0,0.0,0.2313030069390902,2.0,0.0,91.53,0.0,0.0,0.0,8.47,60.0,4.0,2.313030069390902,3.0,3.0,0.0,0.0,0.20911664540565866,0.0,25227.359999999997,0.0,0.13,0.1,0.84,0.87,,,,,,,,
pccm_amaranth_hne_24,0.6493132766514061,0.6125572269457161,0.5780248528449967,0.5353826030085023,0.4778286461739699,1.3,0.95,6.37,79.31,0.37,0.01,5.83,8.12,54581.0,1000.0,747.0709006296194,27.2,19.9,6.19,35.09,4.91,0.05,8.85,44.91,4062.0,74.0,55.59813851628797,18.7,13.67,43.28,98.26,105.57,2.53,1.17,3.7,4.6,58.0,10.26,1755.31,3638.6,133.0,2.0,1.8204215713112506,23.0,24.0,0.71,69.22,0.43,0.0,9.49,20.15,4957.0,91.0,67.8483438269915,0.1,0.04,0.74,38.24,2.21,0.0,10.66,48.16,274.0,5.0,3.7503421845058846,5.8,4.23,73.54,183.42,215.06,5.68,0.0,17.63,12.3,75.0,8.28,5478.81,122.92,46.9,34.27,2.78,9.49,9.26,2.14,0.0,0.0,77.68,161.16,180.87,10.35,0.28,23.53,12.8,72.0,7.05,5775.39,32.32,1.25,71.34,0.68,0.05,9.04,17.63,141091.0,2585.0,1931.1661647960575,3.0,0.5528832996770148,19895699.52,4.12,54.31,1.93,0.0,9.46,30.17,6335.0,116.0,86.7095537914043,1307.0,24.0,17.88940596769778,3.0,73.81,4.05,1.9,0.0,9.52,10.71,420.0,8.0,5.748699698877633,2.0,0.21,53.56,1.46,0.0,9.0,35.77,480.0,9.0,6.56994251300301,121.0,31.0,11.0,0.0,2.0005037415685174,0.13528069205580764,406139.04,26915.04,0.16,0.1,0.72,0.72,,,,,,,,
pccm_amaranth_hne_25,0.6162790697674418,0.5886627906976745,0.5552325581395349,0.5290697674418605,0.48255813953488375,0.7,0.28,9.66,47.4,0.15,0.0,4.17,38.63,2750.0,1000.0,64.79736098020736,9.1,3.87,12.87,26.3,0.0,0.0,5.22,55.6,923.0,336.0,21.748350612629597,0.5,0.23,116.34,128.27,2.98,0.0,187.93,1.49,6.0,72.0,0.67,2456.57,1821.17,12.0,4.0,0.2827521206409048,0.0,44.0,0.0,32.88,0.0,0.0,2.74,64.38,78.0,28.0,1.8378887841658813,0.0,0.01,0.0,16.67,0.0,0.0,0.0,83.33,6.0,2.0,0.1413760603204524,5.3,2.24,69.0,42.83,9.52,0.79,7.93,0.79,4.5,43.0,1.26,1985.89,109.45,84.4,35.81,2.78,7.83,7.41,2.69,0.0,0.0,35.94,42.64,4.71,0.0,0.0,0.0,6.4,42.0,4.03,3356.13,39.17,4.89,38.9,0.1,0.01,9.93,46.18,30500.0,11091.0,718.6616399622998,3.0,1.2905869461404824,3874206.2399999993,4.88,38.31,0.0,0.0,2.73,54.09,701.0,255.0,16.517436380772857,57.0,21.0,1.3430725730442978,1.0,32.26,31.09,0.0,0.0,0.0,36.66,346.0,126.0,8.15268614514609,2.0,0.0,50.0,0.0,0.0,0.0,50.0,4.0,1.0,0.09425070688030161,43.0,17.0,5.0,2.0,4.041024068023911,0.4752044382644947,163150.55999999997,18410.399999999998,0.12,0.08,0.84,0.85,,,,,,,,
pccm_amaranth_hne_26,0.6732673267326733,0.6407355021216408,0.611032531824611,0.5714285714285714,0.5205091937765205,2.1,4.09,11.35,58.41,0.03,2.05,2.87,25.28,67782.0,1000.0,355.9792027729636,13.7,26.09,7.51,20.27,0.58,0.49,4.11,67.03,3290.0,49.0,17.27850428023738,3.5,6.67,12.77,165.06,12.17,0.89,6.68,25.38,5.3,73.0,13.47,2213.05,3039.48,122.0,2.0,0.6407226511212647,0.0,18.0,4.75,36.73,0.52,1.04,6.4,50.56,1160.0,17.0,6.092117010661205,0.6,1.12,1.04,12.44,0.0,1.04,18.13,67.36,193.0,3.0,1.0136022267738038,5.6,10.69,25.99,198.81,14.22,1.81,0.47,17.83,10.2,75.0,17.16,4877.21,103.63,74.4,141.75,2.47,7.5,7.1,1.84,0.0,0.0,33.97,184.42,10.89,1.59,0.11,11.74,12.2,78.0,17.63,6181.75,19.57,4.83,39.36,0.18,3.1,3.41,49.12,408430.0,6026.0,2145.002888503755,3.0,0.22994740017606244,26092923.84,7.1,38.01,0.36,0.18,6.64,47.71,16893.0,249.0,88.71907988025839,1764.0,26.0,9.264219316212383,1.0,61.01,23.0,0.0,0.0,1.75,14.23,513.0,8.0,2.694186229714826,2.0,7.21,48.13,0.14,0.49,4.17,39.86,1416.0,21.0,7.436584213014022,55.0,23.0,6.0,1.0,1.0519676749452431,0.06176019252888755,277407.36,16115.039999999997,0.1,0.07,0.84,0.85,,,,,,,,
pccm_amaranth_hne_27,0.6627680311890838,0.6306042884990254,0.5964912280701754,0.5570175438596491,0.49122807017543857,1.1,0.27,2.15,87.82,0.03,0.04,0.66,9.3,21677.0,1000.0,848.0829420970266,54.1,13.83,2.5,60.28,0.16,0.08,0.55,36.43,1309.0,60.0,51.212832550860725,1.4,0.36,46.68,668.95,10.02,0.0,14.03,4.83,0.7,11.0,8.48,239.05,1961.82,134.0,6.0,5.242566510172145,23.0,62.0,1.46,58.25,0.0,0.24,0.49,39.56,418.0,19.0,16.353677621283257,0.3,0.07,0.0,22.22,0.0,0.0,0.0,77.78,9.0,0.0,0.35211267605633806,1.3,0.33,73.33,942.96,21.42,0.32,2.27,11.52,0.9,6.0,6.16,328.38,178.14,41.9,10.7,3.09,9.81,9.57,2.48,0.0,0.0,50.59,679.52,22.56,0.0,2.05,4.79,0.7,4.0,1.46,293.96,41.7,3.55,60.14,0.19,0.09,0.79,35.23,8591.0,396.0,336.11111111111114,3.0,1.3735450889916105,13832818.559999999,1.54,68.37,0.11,0.04,0.37,29.56,16757.0,773.0,655.5946791862285,611.0,28.0,23.904538341158062,3.0,15.08,69.27,0.0,0.0,0.0,15.64,182.0,8.0,7.120500782472614,3.0,3.51,66.67,0.0,0.0,2.34,27.49,172.0,8.0,6.729264475743349,31.0,1.0,19.0,0.0,0.4176062219221911,0.2498822626066455,58008.95999999999,34565.759999999995,0.1,0.08,0.84,0.86,,,,,,,,
pccm_amaranth_hne_28,0.5875197116467673,0.5571074566343771,0.5251182698806037,0.4897499436810092,0.44852444244199147,2.4,0.78,5.27,89.8,0.0,1.67,0.61,2.64,20002.0,1000.0,621.3730972351661,23.5,7.57,12.46,21.88,1.05,0.0,1.71,62.89,1059.0,53.0,32.898415657036345,2.3,0.73,18.16,282.94,5.16,0.41,42.1,13.83,1.1,20.0,4.85,399.55,3308.63,57.0,3.0,1.7707362534948738,19.0,28.0,13.57,38.37,0.0,1.55,6.59,39.92,272.0,14.0,8.449829139484311,2.1,0.66,2.78,2.78,0.0,2.78,16.67,75.0,36.0,2.0,1.118359739049394,8.3,2.67,27.46,646.99,16.15,0.0,6.46,13.33,2.2,22.0,2.48,895.37,144.99,61.4,19.78,3.39,9.73,9.26,2.67,0.0,0.0,42.81,504.02,16.15,0.0,0.81,13.73,3.1,37.0,1.24,1350.52,26.66,12.83,45.1,0.35,0.37,1.46,39.89,17199.0,860.0,534.2963653308481,3.0,1.3214829508295647,7567256.159999999,12.72,52.22,0.35,0.05,1.63,33.02,7495.0,375.0,232.83628456042246,367.0,18.0,11.401056228642434,3.0,72.4,18.12,0.0,0.0,0.0,9.48,1556.0,78.0,48.33799316557936,3.0,11.52,58.36,0.37,1.86,2.23,25.65,275.0,14.0,8.543025784405094,46.0,16.0,10.0,1.0,3.317091461168716,0.3697213284240136,259624.8,27977.76,0.14,0.09,0.79,0.79,,,,,,,,
pccm_amaranth_hne_29,0.7054054054054054,0.677027027027027,0.6283783783783784,0.5851351351351352,0.5175675675675676,0.2,0.02,0.03,79.49,7.13,4.82,0.95,7.59,3702.0,1000.0,345.0139794967381,15.3,1.64,1.65,29.08,9.33,0.14,7.41,52.4,735.0,199.0,68.4995340167754,41.7,4.47,97.06,1007.03,97.06,1.1,56.25,280.16,6.1,76.0,0.91,1894.94,3053.07,1.0,0.0,0.09319664492078285,0.0,3.0,1.16,57.36,4.26,3.88,2.33,31.01,261.0,71.0,24.324324324324323,0.6,0.06,0.0,20.0,10.0,0.0,10.0,60.0,11.0,3.0,1.0251630941286114,4.1,0.44,139.61,1066.75,73.98,1.19,8.35,140.8,4.2,44.0,0.84,1381.76,121.71,38.2,4.1,2.16,7.61,7.41,1.9,0.0,0.0,85.07,836.15,29.17,4.86,4.86,7.29,2.3,25.0,0.41,746.21,26.74,0.27,50.94,7.9,0.82,2.4,37.67,7757.0,2095.0,722.9263746505126,3.0,1.2231001145604492,1635189.1199999999,0.64,41.96,4.04,0.13,3.41,49.83,4742.0,1281.0,441.93849021435227,60.0,16.0,5.591798695246971,1.0,0.0,59.48,1.31,0.0,0.0,39.22,153.0,41.0,14.259086672879775,2.0,0.0,73.87,5.26,9.4,0.56,10.9,534.0,144.0,49.76700838769804,3.0,1.0,2.0,1.0,0.7381170497695787,0.5748766234452442,12159.359999999999,9400.32,0.1,0.07,0.85,0.87,,,,,,,,
pccm_amaranth_hne_30,0.6993006993006993,0.6657342657342658,0.6237762237762238,0.579020979020979,0.5244755244755245,0.2,0.02,1.43,70.18,0.04,0.0,0.15,28.2,2694.0,1000.0,320.332936979786,19.3,1.62,0.35,35.76,4.34,0.0,1.91,57.64,592.0,220.0,70.39239001189061,11.7,0.98,114.62,1423.48,20.95,0.0,85.04,71.48,2.4,46.0,0.81,845.46,2247.98,5.0,2.0,0.5945303210463734,0.0,19.0,0.0,39.83,0.0,0.0,0.0,60.17,127.0,47.0,15.101070154577883,0.0,0.0,0.0,50.0,0.0,0.0,0.0,50.0,2.0,1.0,0.23781212841854935,0.6,0.05,102.69,1178.77,28.93,0.0,5.06,47.73,1.9,21.0,1.38,770.18,107.75,68.3,5.74,2.16,7.5,7.41,1.76,0.0,0.0,86.59,634.98,28.86,1.37,5.5,12.37,2.9,29.0,0.73,1334.55,15.12,0.26,45.96,1.43,0.02,0.24,52.09,6847.0,2542.0,814.1498216409037,3.0,1.857261849256308,1615281.1199999999,0.48,48.34,1.19,0.0,0.12,49.88,5104.0,1895.0,606.8965517241379,50.0,19.0,5.945303210463734,1.0,0.0,57.34,0.0,0.0,0.0,42.66,145.0,54.0,17.241379310344826,2.0,0.68,81.51,0.0,0.0,0.0,17.81,152.0,56.0,18.07372175980975,7.0,0.0,3.0,0.0,1.0455417594777585,0.42737823865606756,17066.879999999997,6903.36,0.08,0.07,0.87,0.89,,,,,,,,
pccm_amaranth_hne_31,0.5895439377085651,0.5539488320355951,0.5228031145717463,0.474972191323693,0.44048943270300334,0.0,0.0,,66.32,1.28,0.3,29.95,2.14,9615.0,1000.0,57.88681517158338,33.2,55.14,,48.57,6.8,0.1,29.66,14.78,1076.0,112.0,6.478025285972305,28.0,46.56,31.34,52.44,0.9,0.0,91.02,0.9,2.0,19.0,3.32,463.54,1628.11,9.0,1.0,0.05418422636965683,0.0,9.0,,78.95,2.63,2.63,10.53,5.26,40.0,4.0,0.24081878386514144,0.1,0.19,,100.0,0.0,0.0,0.0,0.0,3.0,0.0,0.01806140878988561,22.9,37.99,39.05,50.56,0.23,0.45,4.97,1.35,2.9,17.0,4.43,746.23,199.31,15.8,26.17,4.32,11.81,11.11,3.88,0.0,0.05,17.35,102.64,1.09,0.04,0.14,0.6,1.9,6.0,28.48,448.4,68.75,,62.88,2.86,0.02,29.04,5.18,22458.0,2336.0,135.20770620108365,3.0,0.1632137470995938,55142413.92,,45.23,17.95,0.04,10.17,26.57,5299.0,551.0,31.90246839253461,207.0,22.0,1.246237206502107,1.0,,66.49,0.0,0.0,33.51,0.0,383.0,40.0,2.3058398555087294,3.0,,76.67,3.33,0.0,3.33,16.67,33.0,3.0,0.19867549668874168,10.0,2.0,9.0,2.0,0.04923757067819142,0.047598351494148726,27164.16,26246.879999999997,0.15,0.11,0.82,0.84,0.01,0.1,0.0,0.0,0.02,0.04,0.0,0.0
pccm_amaranth_hne_32,0.6892021787888497,0.656840756167895,0.6212752322973406,0.5738545338032682,0.5152194809355976,0.3,0.09,0.21,92.25,0.27,0.98,1.45,4.85,18417.0,1000.0,584.6666666666666,53.3,16.78,0.34,68.45,1.02,0.08,0.87,29.24,3835.0,208.0,121.74603174603175,6.3,1.97,124.13,1204.49,201.17,0.18,49.8,123.59,4.6,73.0,5.54,1463.21,2343.12,10.0,1.0,0.31746031746031744,3.0,5.0,0.03,81.87,0.03,0.08,0.72,17.28,3778.0,205.0,119.93650793650794,0.1,0.04,0.0,43.24,0.0,0.0,2.7,54.05,37.0,2.0,1.1746031746031746,1.2,0.38,158.8,1659.99,183.61,0.86,5.88,112.46,4.3,50.0,6.97,1506.36,138.14,38.9,12.24,2.47,8.11,7.72,2.08,0.0,0.0,157.06,1100.19,90.33,0.92,1.47,39.45,3.9,45.0,5.42,1480.5,40.93,1.17,67.13,0.95,0.17,1.98,28.61,47930.0,2602.0,1521.5873015873017,3.0,0.41706396179667415,16783996.32,0.14,80.89,0.37,0.06,0.62,17.92,30949.0,1680.0,982.5079365079365,636.0,35.0,20.19047619047619,1.0,5.6,74.52,0.58,0.39,6.37,12.55,518.0,28.0,16.444444444444443,2.0,0.0,92.51,0.16,0.38,0.11,6.84,1844.0,100.0,58.53968253968254,13.0,2.0,7.0,0.0,0.17798393074539226,0.10009821069836841,29926.079999999994,16800.48,0.09,0.07,0.86,0.88,,,,,,,,
pccm_amaranth_hne_33,0.7111622554660529,0.6708860759493671,0.622554660529344,0.57307249712313,0.5086306098964327,0.6,0.13,0.24,83.62,0.01,13.96,0.37,1.81,55825.0,1000.0,2671.052631578947,60.6,12.67,2.23,69.55,0.5,1.89,1.72,24.11,2509.0,45.0,120.04784688995214,0.3,0.07,59.32,294.18,25.58,0.98,30.69,57.03,2.6,39.0,9.19,947.3,4124.32,111.0,2.0,5.311004784688994,0.0,20.0,0.67,72.63,0.0,10.14,1.24,15.31,1145.0,21.0,54.784688995215305,11.8,2.46,0.0,50.0,4.55,9.09,9.09,27.27,44.0,1.0,2.1052631578947367,4.3,0.89,171.97,426.98,75.0,2.68,9.11,28.93,6.9,44.0,3.73,2845.03,147.06,22.4,4.68,2.47,8.78,8.64,2.13,0.0,0.0,186.52,593.07,84.28,2.07,2.07,24.18,12.6,71.0,2.9,5376.65,30.74,2.08,81.64,0.06,3.36,1.92,10.94,43098.0,772.0,2062.1052631578946,3.0,0.9467870101125184,12674445.12,1.54,79.28,0.04,2.69,1.07,15.38,8156.0,146.0,390.2392344497607,808.0,14.0,38.66028708133971,1.0,6.52,74.94,0.0,0.5,6.52,11.53,408.0,7.0,19.521531100478466,2.0,0.57,84.88,0.11,8.36,0.57,5.5,911.0,16.0,43.58851674641148,16.0,7.0,12.0,6.0,0.6438391761170389,0.49315484353132766,82131.84,62504.63999999999,0.08,0.06,0.87,0.89,,,,,,,,
pccm_amaranth_hne_34,0.7161676646706587,0.6826347305389222,0.6383233532934132,0.592814371257485,0.5089820359281437,0.1,0.58,1.41,76.89,0.1,0.02,2.07,19.52,38364.0,1000.0,97.18556048131731,10.4,41.14,0.81,45.18,2.31,0.0,9.3,42.4,2594.0,68.0,6.571247625079165,0.8,3.09,24.44,1377.76,5.57,0.26,104.68,292.72,11.4,92.0,15.43,3530.88,1872.32,21.0,1.0,0.053198226725775816,0.0,5.0,0.18,34.1,0.0,0.0,3.73,61.99,564.0,15.0,1.4287523749208362,0.1,0.39,1.56,42.19,3.12,0.0,7.81,45.31,65.0,2.0,0.16466117796073468,77.7,306.81,26.71,1391.69,4.08,0.91,13.26,197.36,11.9,79.0,20.81,3725.08,133.95,10.8,42.74,1.85,7.3,7.1,1.51,0.0,0.0,25.92,894.82,2.68,0.99,7.34,64.69,10.1,68.0,13.08,3177.36,32.96,1.23,71.97,0.48,0.01,4.59,21.73,241124.0,6285.0,610.8271057631413,3.0,1.4584276936051097,41140195.199999996,0.47,51.5,0.36,0.01,3.48,44.19,104571.0,2726.0,264.9043698543382,2397.0,62.0,6.072197593413554,1.0,2.66,68.44,0.04,0.0,4.27,24.59,2668.0,70.0,6.758708043065232,2.0,0.72,89.08,0.09,0.0,1.43,8.67,10562.0,275.0,26.756174794173532,88.0,11.0,60.0,3.0,0.5813864670590877,0.3351046812728783,240582.23999999996,137862.71999999997,0.07,0.05,0.91,0.92,,,,,,,,
pccm_amaranth_hne_35,0.6667887220798242,0.6279751006957158,0.5917246429879165,0.5510801904064445,0.49835225192237276,0.2,0.45,0.21,86.76,0.22,0.04,10.15,2.57,185335.0,1000.0,902.7080999464225,56.3,115.63,0.7,54.89,7.1,0.01,15.76,20.97,9463.0,51.0,46.09127660610783,6.3,12.96,16.42,60.47,12.16,0.22,0.35,2.09,1.8,27.0,73.69,636.83,2298.06,920.0,5.0,4.481028688324972,27.0,50.0,0.13,70.4,0.26,0.11,5.88,23.17,4556.0,25.0,22.19083337392236,0.1,0.16,0.0,54.12,2.35,0.0,18.82,24.71,176.0,1.0,0.8572402708099947,14.5,29.75,52.79,257.34,48.06,1.08,0.05,4.98,4.6,39.0,39.99,1658.46,190.02,22.4,45.96,2.78,10.76,10.8,2.5,0.2,0.4,84.07,387.79,41.25,1.7,0.04,3.6,3.9,34.0,24.75,1452.05,53.89,0.38,75.14,1.09,0.05,8.02,15.24,178830.0,965.0,871.0243047099508,3.0,1.366473499758708,115626098.87999998,0.33,60.59,0.5,0.04,7.46,30.92,34049.0,184.0,165.84189761823583,7101.0,38.0,34.58672251716916,3.0,39.39,48.48,0.0,0.0,3.03,9.09,37.0,0.0,0.18021528420437388,3.0,0.19,71.0,0.19,0.0,5.65,22.98,536.0,3.0,2.610686279284984,172.0,25.0,158.0,23.0,0.40805015900052316,0.3677659664374902,473745.6,425233.44,0.19,0.12,0.77,0.79,0.03,0.58,0.04,0.0,0.07,0.16,0.0,0.0
pccm_amaranth_hne_36,0.6654228855721394,0.6243781094527363,0.5845771144278606,0.5435323383084577,0.486318407960199,2.6,0.56,12.81,69.71,0.03,0.0,4.03,13.42,10172.0,1000.0,474.2191142191143,29.2,6.27,5.37,40.6,1.62,0.0,1.37,51.03,1626.0,160.0,75.80419580419581,1.9,0.4,60.5,524.69,6.28,0.0,119.68,15.21,3.7,44.0,3.02,1222.96,2216.47,11.0,1.0,0.5128205128205129,0.0,11.0,1.71,34.29,0.0,0.0,2.86,61.14,180.0,18.0,8.391608391608393,0.1,0.02,100.0,0.0,0.0,0.0,0.0,0.0,1.0,0.0,0.04662004662004663,7.1,1.53,82.22,651.85,11.55,0.0,1.88,13.43,2.4,17.0,3.72,796.67,157.72,59.1,12.67,3.09,8.48,7.72,2.67,0.0,0.0,80.16,713.54,11.45,0.0,0.0,15.42,1.8,13.0,2.27,593.29,68.71,15.88,47.11,0.26,0.01,3.28,33.46,13088.0,1287.0,610.1631701631703,2.0,3.9866115169672995,6270989.76,2.88,29.74,0.41,0.0,1.12,65.85,12354.0,1215.0,575.944055944056,83.0,8.0,3.8694638694638703,1.0,55.68,40.09,0.0,0.0,0.22,4.01,449.0,44.0,20.932400932400938,2.0,6.88,44.13,0.0,0.0,0.4,48.58,247.0,24.0,11.515151515151517,44.0,10.0,25.0,3.0,3.2434418850186946,1.5745418790159211,210214.08,98739.36,0.1,0.07,0.86,0.87,,,,,,,,
pccm_amaranth_hne_37,0.5533114138093002,0.5274776890558948,0.502113668388915,0.4767496477219352,0.4462188821042743,0.2,0.15,2.04,74.89,4.42,0.0,0.01,18.65,19509.0,1000.0,211.4109232769831,17.3,15.93,0.17,33.89,5.39,0.06,0.0,60.49,1793.0,92.0,19.429995665366278,20.9,19.31,31.93,1076.38,31.93,0.0,175.12,121.46,3.2,54.0,6.08,1015.65,2030.14,11.0,1.0,0.11920242739488515,2.0,6.0,0.82,74.06,1.31,0.0,0.0,23.81,614.0,31.0,6.653662765496317,0.0,0.03,0.0,0.0,0.0,0.0,0.0,100.0,3.0,0.0,0.032509752925877766,0.5,0.46,36.36,1117.68,13.21,0.0,16.48,80.05,2.6,29.0,8.86,869.39,92.02,61.1,56.4,1.54,7.67,7.41,1.48,0.0,0.0,23.81,896.22,10.02,0.0,4.36,31.59,2.1,23.0,8.48,794.49,15.32,0.43,49.42,4.63,0.0,0.01,45.52,40688.0,2086.0,440.91894234937155,3.0,0.8788783142250122,15929395.2,0.5,48.4,2.67,0.0,0.0,48.42,44156.0,2263.0,478.50021673168624,160.0,8.0,1.7338534893801476,1.0,1.08,60.49,6.08,0.0,0.0,32.36,2229.0,114.0,24.154746423927183,2.0,0.49,83.45,1.96,0.0,0.0,14.09,2251.0,115.0,24.393151278716953,33.0,8.0,14.0,3.0,0.6587350487403588,0.2802095085191935,105628.31999999999,44635.68,0.09,0.07,0.86,0.88,,,,,,,,
pccm_amaranth_hne_38,0.744920993227991,0.6512415349887133,0.5474040632054176,0.4492099322799097,0.3476297968397291,0.1,0.03,0.53,67.43,6.01,,0.36,25.68,5951.0,1000.0,106.97465396368865,16.6,9.25,0.55,28.36,12.34,,0.37,58.38,563.0,95.0,10.120438612259571,13.2,7.36,14.24,823.61,11.39,0.0,79.75,7.6,1.2,25.0,2.11,457.61,1509.08,21.0,4.0,0.37749415782850976,0.0,35.0,0.0,70.75,0.0,,2.04,27.21,153.0,26.0,2.750314578464857,0.0,0.0,0.0,33.33,0.0,,0.0,66.67,3.0,1.0,0.053927736832644256,1.8,1.0,13.07,999.15,7.57,0.23,12.84,8.25,1.4,14.0,4.36,566.98,132.52,68.3,37.99,1.85,8.08,8.02,1.63,0.0,0.0,16.3,735.19,5.75,0.0,5.37,5.94,1.6,17.0,5.22,707.76,33.17,0.04,44.0,7.69,,0.65,47.62,17205.0,2891.0,309.2755707352148,3.0,0.21629713426023403,9246539.52,0.15,51.95,4.41,,0.69,42.8,18471.0,3104.0,332.03307567859065,79.0,13.0,1.4200970699262987,1.0,0.32,47.65,2.43,,0.0,49.59,619.0,104.0,11.127089699802264,2.0,0.0,71.2,6.4,,0.8,21.6,127.0,21.0,2.282940859248607,3.0,1.0,2.0,0.0,0.1206259858705051,0.042624378465858766,11167.199999999999,3941.2799999999997,0.13,0.1,0.81,0.83,,,,,,,,
pccm_amaranth_hne_40,0.6744186046511628,0.627906976744186,0.5862913096695227,0.5385556915544676,0.4749082007343941,0.1,0.14,0.12,83.15,0.48,0.02,0.4,15.83,15719.0,1000.0,121.00846805234801,45.2,58.65,0.37,54.7,1.32,0.02,0.56,43.03,5394.0,343.0,41.52424942263281,5.1,6.58,42.57,1903.1,26.55,0.0,202.48,231.34,4.0,70.0,6.93,1212.83,1372.16,18.0,1.0,0.1385681293302541,0.0,11.0,0.05,72.33,0.71,0.0,0.0,26.9,1856.0,118.0,14.287913779830644,0.1,0.14,0.0,15.79,0.0,0.0,10.53,73.68,19.0,1.0,0.14626635873749044,1.4,1.84,47.63,2172.31,25.19,0.05,15.26,206.48,3.2,39.0,21.44,990.28,80.15,48.2,62.55,2.16,7.91,7.41,2.13,0.0,0.0,47.68,1922.49,18.24,0.08,8.42,152.17,2.8,32.0,36.45,872.3,23.18,0.82,71.13,0.92,0.02,0.44,26.67,90823.0,5778.0,699.176289453426,3.0,1.4834919188240752,58645415.52,0.09,64.35,0.37,0.02,0.45,34.73,193378.0,12302.0,1488.6682063125486,1854.0,118.0,14.272517321016172,1.0,4.6,59.93,0.15,0.0,0.0,35.31,3915.0,249.0,30.138568129330267,2.0,0.27,82.47,0.07,0.0,0.22,16.97,14785.0,941.0,113.81832178598927,156.0,49.0,87.0,21.0,0.9681470426422447,0.4976724564266502,573324.48,291862.07999999996,0.08,0.07,0.89,0.9,,,,,,,,
pccm_amaranth_hne_41,0.6155844155844156,0.5935064935064935,0.5623376623376624,0.5207792207792208,0.4779220779220779,0.0,0.0,,95.69,0.2,0.35,1.14,2.62,2030.0,1000.0,5.75772187083416,52.0,183.39,,95.96,0.51,0.37,1.07,2.09,9433.0,4647.0,26.754970644127408,1.9,6.68,13.58,1080.22,54.31,0.0,10.56,73.93,22.7,94.0,0.66,7196.43,1653.52,0.0,0.0,0.0,0.0,0.0,,99.18,0.03,0.49,0.05,0.24,5753.0,2834.0,16.31732705562016,0.8,2.9,,88.57,0.0,5.71,0.0,5.71,35.0,17.0,0.09927106673852001,41.4,145.81,43.64,1532.73,38.11,1.3,0.33,64.49,22.5,91.0,3.07,8523.15,68.4,3.9,13.79,2.78,8.18,7.72,2.47,0.0,0.0,49.75,1503.2,30.76,0.15,0.13,91.72,30.9,95.0,180.61,13812.58,3.58,,99.34,0.07,0.28,0.07,0.24,2539442.0,1250957.0,7202.660464588593,3.0,0.730686310976632,183389230.08,,95.37,0.25,0.17,0.4,3.81,281133.0,138489.0,797.3820801542956,100.0,49.0,0.2836316192529143,1.0,,81.82,0.0,0.0,0.0,18.18,33.0,16.0,0.09359843435346173,2.0,,99.38,0.06,0.05,0.04,0.47,16851.0,8301.0,47.794764160308596,144.0,70.0,134.0,68.0,0.6137974566020691,0.5942947901163901,1132590.24,1089872.64,0.13,0.09,0.83,0.85,,,,,,,,
pccm_amaranth_hne_43,0.6023468057366362,0.5684485006518905,0.5332464146023468,0.49674054758800523,0.4511082138200782,0.5,0.25,4.28,26.66,0.58,0.33,0.34,67.81,16064.0,1000.0,290.8037653874004,4.1,2.25,2.46,9.62,0.92,0.0,0.15,86.84,1350.0,84.0,24.43881245474294,1.6,0.91,29.17,257.77,25.16,0.0,10.94,2.19,2.0,33.0,2.74,771.86,2047.59,173.0,11.0,3.1317885590152064,0.0,108.0,2.0,30.75,0.25,0.25,0.0,66.75,421.0,26.0,7.621288921071687,0.1,0.06,0.0,6.67,0.0,0.0,0.0,93.33,15.0,1.0,0.2715423606082549,2.2,1.21,60.9,221.91,28.0,0.7,1.05,5.25,2.6,23.0,2.86,1169.75,131.61,91.5,50.56,2.16,7.6,7.41,1.78,0.0,0.0,72.89,145.18,36.74,0.0,0.0,4.15,7.2,42.0,1.69,3599.31,40.89,1.97,28.58,0.21,0.19,0.2,68.85,27046.0,1684.0,489.6089790007241,3.0,0.8897390523481888,2247850.0799999996,2.43,12.29,0.76,0.0,0.25,84.26,5212.0,324.0,94.35191889934829,433.0,27.0,7.838522809558291,1.0,30.36,14.29,0.0,0.0,0.0,55.36,112.0,7.0,2.0275162925416366,2.0,0.0,28.07,0.0,1.75,0.0,70.18,64.0,4.0,1.1585807385952207,27.0,10.0,2.0,0.0,6.8374221833366855,0.4075574292748207,164975.03999999998,9161.279999999999,0.1,0.08,0.86,0.88,,,,,,,,
pccm_amaranth_hne_44,0.5917216943147044,0.5487196005798035,0.5092607505234338,0.46883556128201,0.4137542277339346,0.5,1.24,0.54,91.45,0.01,0.01,0.62,7.37,258285.0,1000.0,1021.979978633324,45.2,114.21,2.38,52.86,0.88,0.0,0.65,43.24,7358.0,28.0,29.114074308550624,5.0,12.73,20.93,384.36,9.75,0.03,11.55,6.66,0.8,11.0,68.51,273.37,3114.45,319.0,1.0,1.2622165947849482,23.0,12.0,0.21,70.96,0.26,0.03,0.6,27.94,3916.0,15.0,15.494796818739365,0.0,0.06,0.0,28.57,0.0,0.0,7.14,64.29,14.0,0.0,0.05539508566454318,1.0,2.46,40.07,862.41,29.24,0.03,1.17,13.49,1.7,15.0,34.99,639.23,166.45,48.3,122.03,1.85,8.57,8.33,1.78,0.0,0.0,33.64,827.98,40.63,0.06,1.06,11.61,3.1,34.0,16.02,1394.76,30.83,1.57,62.14,0.86,0.01,1.46,33.96,128784.0,499.0,509.5714794444664,3.0,0.5078431968775474,114208480.8,1.0,55.94,0.34,0.0,1.11,41.61,142163.0,550.0,562.5093973806038,2540.0,10.0,10.050251256281406,3.0,7.03,73.29,0.06,0.0,0.61,19.01,1661.0,6.0,6.572231234914731,2.0,0.72,73.9,0.0,0.0,0.56,24.82,1809.0,7.0,7.157836426225615,101.0,28.0,58.0,13.0,0.4158776161434385,0.17733254008926455,476951.04,202528.8,0.14,0.1,0.71,0.7,,,,,,,,
pccm_amaranth_hne_45,0.5683437702440077,0.5160872381774995,0.4681494277693803,0.42280285035629456,0.3752969121140142,0.7,0.9,0.76,96.63,0.0,0.12,0.09,2.39,148270.0,1000.0,1231.3761315505355,40.7,48.98,2.43,57.11,0.11,0.11,0.16,40.09,9954.0,67.0,82.66755252885972,0.1,0.08,89.31,1243.92,153.48,0.12,330.59,111.09,6.0,64.0,32.51,1885.94,3775.73,96.0,1.0,0.7972759737563324,10.0,6.0,0.71,92.19,0.0,0.77,0.02,6.3,8961.0,60.0,74.42072917531766,0.4,0.54,0.0,80.0,0.0,0.0,10.0,10.0,10.0,0.0,0.08304958059961796,0.2,0.27,119.82,1303.86,81.98,0.1,23.93,114.46,4.0,32.0,20.69,1379.65,87.68,57.8,69.64,2.16,7.33,7.1,1.68,0.0,0.0,65.18,810.26,30.26,0.12,6.46,29.54,1.9,15.0,8.36,709.32,16.03,1.98,81.05,0.0,0.23,0.12,16.62,150683.0,1016.0,1251.4159953492233,3.0,0.3675026518991361,48979238.4,1.11,60.69,0.02,0.07,0.08,38.03,118860.0,802.0,987.1273150070591,1336.0,9.0,11.09542396810896,2.0,8.27,81.31,0.01,0.04,0.22,10.14,15541.0,105.0,129.06735320986627,2.0,0.74,94.53,0.0,0.69,0.1,3.95,8491.0,57.0,70.51739888713561,86.0,45.0,18.0,4.0,1.3250810840009624,0.1218785794758295,657730.08,59695.2,0.09,0.07,0.87,0.89,,,,,,,,
pccm_amaranth_hne_46,0.6342592592592593,0.6064814814814815,0.5706018518518519,0.5358796296296297,0.49421296296296297,0.0,0.0,0.35,57.43,0.75,,0.03,41.45,9020.0,1000.0,186.67218543046357,11.9,5.73,0.0,21.24,1.53,,0.0,77.23,934.0,104.0,19.329470198675498,4.7,2.28,37.3,964.04,8.29,0.0,256.64,71.15,2.4,38.0,2.9,697.04,1562.98,11.0,1.0,0.22764900662251655,0.0,12.0,0.0,37.2,0.97,,0.0,61.84,214.0,24.0,4.428807947019868,0.0,0.0,0.0,0.0,0.0,,0.0,100.0,1.0,0.0,0.020695364238410598,1.4,0.68,23.55,1078.38,5.55,0.0,15.13,46.34,1.7,13.0,5.22,523.49,103.2,82.0,39.63,2.16,8.26,8.02,1.86,0.0,0.0,21.05,1129.47,5.96,0.0,7.55,20.25,1.5,10.0,2.52,487.29,31.37,0.0,28.37,1.0,,0.0,70.63,17537.0,1944.0,362.9346026490066,3.0,0.34886975966222716,5732798.399999999,0.01,19.62,0.2,,0.01,80.16,37255.0,4130.0,771.0057947019867,113.0,13.0,2.3385761589403975,1.0,0.05,40.29,0.24,,0.0,59.43,2099.0,233.0,43.43956953642384,2.0,0.0,61.48,0.0,,0.0,38.52,848.0,94.0,17.549668874172184,7.0,0.0,2.0,0.0,0.26405120689439204,0.06048564345119829,15177.599999999999,3467.52,0.07,0.05,0.9,0.91,,,,,,,,
pccm_amaranth_hne_47,0.7220338983050848,0.6779661016949152,0.6361581920903955,0.5807909604519774,0.5084745762711864,0.1,0.1,0.86,74.62,0.0,5.34,0.24,18.94,38468.0,1000.0,483.81335681046414,23.2,18.48,0.02,18.4,0.0,0.1,0.12,81.35,4110.0,107.0,51.69161111809836,0.2,0.16,15.22,266.91,8.04,0.19,12.73,41.53,1.6,23.0,10.45,418.12,2193.98,64.0,2.0,0.8049301974594392,0.0,17.0,0.09,39.55,0.0,3.75,0.0,56.61,1212.0,32.0,15.243365614388129,1.8,1.4,0.0,66.67,0.0,0.0,0.0,33.33,3.0,0.0,0.03773110300591121,0.1,0.07,63.93,592.02,25.92,0.0,2.12,24.53,2.2,21.0,13.66,771.64,118.33,74.6,59.3,3.09,10.14,9.88,2.42,0.0,0.0,77.53,885.1,28.46,0.0,2.32,20.91,2.4,26.0,6.89,914.72,29.91,0.05,34.35,0.04,1.68,0.12,63.77,43577.0,1133.0,548.0694252295309,3.0,0.2705665514667885,18479741.759999998,0.08,28.9,0.02,0.28,0.01,70.71,37524.0,975.0,471.9406363979374,423.0,11.0,5.32008552383348,1.0,0.27,49.18,0.0,0.27,0.0,50.27,382.0,10.0,4.8044271160860275,3.0,0.0,72.09,0.08,8.18,0.0,19.64,1324.0,34.0,16.651993459942148,17.0,5.0,5.0,2.0,0.3603847022843154,0.1673166238011326,66839.04,30919.679999999997,0.08,0.06,0.89,0.91,,,,,,,,
pccm_amaranth_hne_49,0.6412494258153422,0.6127698667891593,0.5819935691318328,0.5445567294441892,0.48828663298116676,0.0,0.01,,90.22,0.0,1.12,0.01,8.65,26425.0,1000.0,789.5129967134748,43.9,14.71,,57.89,0.0,0.36,0.0,41.74,579.0,22.0,17.299073797430534,0.1,0.02,9.27,399.12,40.36,0.13,9.14,70.26,2.6,39.0,7.66,750.83,2862.94,52.0,2.0,1.5536301165222588,19.0,20.0,,69.21,0.0,1.75,0.26,28.77,1172.0,44.0,35.01643262623245,5.5,1.83,,0.0,0.0,0.0,0.0,100.0,1.0,0.0,0.02987750224081267,0.0,0.01,16.97,792.09,57.46,0.0,2.92,92.85,3.0,30.0,5.48,974.34,151.05,50.5,16.89,2.16,8.08,8.02,1.73,0.0,0.0,39.25,992.61,43.31,0.0,0.48,58.15,4.6,47.0,4.18,1904.34,22.73,,70.78,0.05,0.78,0.04,28.34,26396.0,999.0,788.6465491484912,3.0,0.3399850289088454,14706529.92,,59.04,0.01,0.12,0.14,40.69,20045.0,759.0,598.89453241709,97.0,4.0,2.898117717358829,3.0,,73.29,0.0,0.62,0.0,26.09,162.0,6.0,4.840155363011652,2.0,,85.21,0.06,1.17,0.0,13.56,1662.0,63.0,49.65640872423066,9.0,1.0,5.0,0.0,0.17781148776373118,0.059816693998199125,26196.479999999996,8796.96,0.1,0.07,0.86,0.88,,,,,,,,
pccm_amaranth_hne_50,0.6086956521739131,0.5652173913043478,0.532608695652174,0.4891304347826087,0.40217391304347827,0.0,0.0,,8.95,,0.4,3.72,86.92,998.0,1000.0,3.1854452601340566,0.3,1.04,,14.04,,0.0,0.0,85.96,59.0,59.0,0.1883179061602298,0.0,0.0,0.0,1081.87,39.77,0.0,0.0,0.0,0.8,6.0,0.13,310.24,1559.16,1.0,1.0,0.0031918289179699967,0.0,10.0,,8.39,,0.65,1.94,89.03,155.0,155.0,0.49473348228534947,0.2,0.71,,0.0,,0.0,0.0,100.0,1.0,1.0,0.0031918289179699967,95.5,299.33,3.09,1457.71,52.5,0.0,0.0,27.8,2.0,28.0,0.32,904.89,86.47,3.9,12.22,2.24,9.72,9.57,2.23,0.0,0.0,6.94,921.46,24.01,0.0,0.0,6.4,1.9,22.0,1.87,856.36,14.41,,4.43,,0.23,0.99,94.35,6364.0,6377.0,20.31279923396106,3.0,0.0,1040891.0399999999,,4.91,,0.07,0.37,94.64,7247.0,7262.0,23.131184168528566,55.0,55.0,0.1755505904883498,1.0,,0.0,,0.0,0.0,100.0,6.0,6.0,0.01915097350781998,3.0,,0.0,,0.0,0.0,100.0,111.0,111.0,0.3542930098946696,1.0,0.0,0.0,0.0,0.35139717944829674,0.0,3670.5599999999995,0.0,0.23,0.13,0.76,0.78,,,,,,,,
pccm_amaranth_hne_51,0.6707503828483921,0.6401225114854517,0.6125574272588055,0.5696784073506891,0.5099540581929556,0.6,0.19,3.98,75.06,0.0,,0.02,20.94,22299.0,1000.0,708.5795996186844,21.0,6.62,0.64,19.08,0.0,,0.46,79.82,1114.0,50.0,35.39879250079441,0.4,0.12,21.14,257.98,59.97,0.0,7.33,29.34,4.4,71.0,4.64,1772.65,3362.6,13.0,1.0,0.4130918334922148,0.0,6.0,0.83,55.62,0.0,,0.24,43.31,858.0,38.0,27.264061010486174,0.0,0.0,0.0,0.0,0.0,,0.0,100.0,1.0,0.0,0.03177629488401652,0.2,0.05,24.7,244.96,46.18,0.0,0.23,25.63,3.3,40.0,4.33,1534.66,117.06,77.8,24.49,1.85,6.85,6.48,1.53,0.0,0.0,45.74,229.76,57.18,0.0,1.04,5.72,4.6,42.0,1.92,2370.4,32.75,1.6,46.91,0.02,,0.11,51.36,33746.0,1513.0,1072.3228471560215,3.0,1.3604387883083238,6615512.64,0.56,46.46,0.02,,0.33,52.63,4870.0,218.0,154.75055608516047,117.0,5.0,3.717826501429933,1.0,2.04,40.82,0.0,,0.0,57.14,49.0,2.0,1.5570384493168095,2.0,0.81,76.28,0.0,,0.0,22.91,372.0,17.0,11.820781696854146,23.0,3.0,9.0,0.0,1.0836196617284257,0.33447203873833126,72472.31999999999,22127.04,0.13,0.1,0.81,0.83,,,,,,,,
pccm_amaranth_hne_52,0.7032710280373832,0.6507009345794392,0.5957943925233645,0.5665887850467289,0.4871495327102804,0.1,0.08,0.73,85.1,1.69,3.91,0.99,7.58,21610.0,1000.0,213.7699080027698,49.6,50.1,0.52,64.48,5.71,0.02,4.48,24.8,5115.0,237.0,50.59847660500544,19.5,19.7,41.43,351.58,25.68,0.14,4.97,21.82,2.2,36.0,7.24,723.32,1727.38,69.0,3.0,0.6825600949648828,0.0,32.0,0.04,82.89,0.75,0.29,0.71,15.3,2420.0,112.0,23.939064200217626,0.5,0.54,0.0,73.08,7.69,0.0,0.0,19.23,26.0,1.0,0.2571965575229993,7.3,7.35,61.76,504.51,46.98,0.3,0.98,27.68,3.2,36.0,13.26,1253.66,139.74,23.1,23.32,2.78,9.41,9.26,2.33,0.0,0.0,64.0,379.98,36.56,0.38,0.41,25.65,4.6,47.0,29.05,1930.05,35.84,0.19,77.09,1.85,0.6,0.92,19.36,113718.0,5262.0,1124.9183895538629,3.0,1.117871647504127,50095196.63999999,0.14,80.7,1.82,0.14,2.01,15.18,25996.0,1203.0,257.15698882184194,1185.0,55.0,11.72222771787516,1.0,2.3,87.36,3.45,0.0,0.0,6.9,87.0,4.0,0.860619250173113,2.0,0.12,81.03,1.53,2.76,0.55,14.0,1637.0,76.0,16.19349094865961,82.0,19.0,56.0,11.0,0.5324926386510335,0.3198917476092774,268181.27999999997,160250.4,0.13,0.1,0.8,0.82,,,,,,,,
pccm_amaranth_hne_53,0.6880733944954128,0.6562331354560172,0.616297895304911,0.5688073394495413,0.4970318402590394,1.0,1.39,2.56,76.62,0.22,1.64,5.58,13.37,43647.0,1000.0,307.9587948916955,34.9,49.46,1.36,49.73,2.64,0.64,9.01,36.62,2207.0,51.0,15.571861991109857,10.2,14.4,25.75,229.37,20.66,0.13,14.51,41.31,2.6,48.0,15.3,865.52,1968.84,92.0,2.0,0.6491215691808369,7.0,21.0,2.08,56.37,0.59,3.54,6.74,30.67,2966.0,68.0,20.927114936851762,0.7,1.02,0.0,30.0,0.0,0.0,5.0,65.0,21.0,0.0,0.14816905383475623,20.6,29.17,26.38,272.68,37.76,0.15,1.07,47.93,2.0,18.0,19.68,644.06,158.47,32.7,46.29,2.16,7.71,7.41,2.0,0.0,0.0,24.17,364.07,47.71,0.23,0.63,32.94,1.4,10.0,17.46,450.04,46.8,2.62,62.36,1.0,2.4,4.95,26.67,49937.0,1144.0,352.3389543498201,3.0,0.2628413375686082,49459495.68,1.75,57.42,0.79,0.64,10.96,28.45,23447.0,537.0,165.43427644112046,1753.0,40.0,12.368588160587032,2.0,4.83,55.59,0.0,0.0,4.23,35.35,331.0,8.0,2.3354265152049676,2.0,2.45,64.22,0.5,4.77,4.33,23.73,3251.0,74.0,22.93798066746631,27.0,5.0,13.0,0.0,0.1362428519313592,0.049177695133344315,67476.95999999999,24323.04,0.16,0.13,0.73,0.74,,,,,,,,
pccm_amaranth_hne_54,0.5664720027481965,0.5276537272414977,0.49433184472689795,0.46375815870834763,0.41944349020954996,0.0,0.03,0.04,95.28,0.0,1.08,1.74,1.86,83723.0,1000.0,1364.2333387648687,68.6,42.12,0.0,80.81,1.87,0.17,8.66,8.49,618.0,7.0,10.070066807886588,3.8,2.34,4.82,70.74,5.74,0.24,0.48,5.03,2.1,26.0,29.25,849.66,2304.55,86.0,1.0,1.4013361577317907,9.0,10.0,0.0,86.95,0.47,2.1,3.03,7.46,452.0,5.0,7.365162131334528,1.1,0.7,0.0,55.0,0.0,0.0,25.0,20.0,20.0,0.0,0.3258921297050676,17.2,10.54,25.59,80.86,19.63,0.63,0.47,17.9,7.8,43.0,6.37,3390.98,254.66,9.2,5.64,2.78,9.13,8.95,2.13,0.0,0.0,37.71,99.09,25.88,0.74,0.0,5.92,15.0,73.0,1.35,6783.15,39.19,0.0,95.87,0.01,0.36,2.1,1.66,70011.0,836.0,1140.8016946390744,3.0,0.16620741942094303,42116050.08,0.03,94.26,0.15,0.82,2.53,2.21,3435.0,41.0,55.97197327684536,1549.0,19.0,25.240345445657486,2.0,0.0,85.71,0.0,0.0,14.29,0.0,21.0,0.0,0.342186736190321,2.0,0.0,91.99,0.0,2.49,1.1,4.42,365.0,4.0,5.947531367117484,8.0,2.0,7.0,2.0,0.04765354641458496,0.04375453055307033,20079.359999999997,18427.68,0.1,0.08,0.82,0.84,,,,,,,,
pccm_amaranth_hne_55,0.6058002148227712,0.5682062298603652,0.5359828141783028,0.5037593984962406,0.45542427497314714,0.0,0.0,,42.43,0.09,0.03,49.84,7.61,17129.0,1000.0,129.50026461026687,6.3,8.27,,19.28,9.07,0.0,61.94,9.71,812.0,47.0,6.138958191577832,21.4,28.37,6.31,97.3,13.5,0.22,4.14,3.27,0.9,12.0,4.59,379.62,1917.25,96.0,6.0,0.7257881605806304,0.0,56.0,,46.02,1.99,0.14,43.18,8.66,716.0,42.0,5.413170030997202,0.0,0.0,,18.03,8.2,0.0,42.62,31.15,64.0,4.0,0.4838587737204203,66.9,88.55,19.78,228.61,47.59,1.96,0.87,16.08,2.8,23.0,4.6,1236.06,191.45,5.4,7.08,3.09,10.76,10.49,2.73,0.0,0.0,29.36,266.0,52.91,2.91,0.0,18.31,7.5,53.0,3.44,3483.0,30.23,,51.9,1.37,0.02,42.24,4.47,28391.0,1657.0,214.64428819838207,3.0,0.6044642577189555,8271787.679999999,,27.72,0.88,0.0,60.58,10.82,4574.0,267.0,34.58078173433129,1100.0,64.0,8.316322673319725,1.0,,26.92,0.0,0.0,70.51,2.56,78.0,5.0,0.5897028804717622,3.0,,32.58,1.14,0.0,51.14,15.15,267.0,16.0,2.0185983216148786,6.0,2.0,5.0,2.0,0.25301847515865966,0.22281229539489342,20982.24,18430.559999999998,0.2,0.23,0.77,0.82,,,,,,,,
pccm_amaranth_hne_56,0.7115268557634279,0.6737075035204184,0.6324683162341581,0.5827801247233957,0.5135787567893784,0.0,0.03,0.07,63.63,0.06,29.91,0.6,5.41,64878.0,1000.0,830.3852553436582,40.5,31.65,0.23,55.59,1.95,4.09,1.22,36.0,2648.0,41.0,33.89223089722259,4.1,3.21,28.69,167.58,44.41,0.64,2.74,50.07,5.4,77.0,10.94,2013.11,3117.24,102.0,2.0,1.3055164469473957,18.0,16.0,0.0,36.86,0.07,38.55,0.37,24.15,8294.0,128.0,106.15640599001667,22.6,17.69,0.0,22.37,0.0,42.63,4.21,30.79,380.0,6.0,4.86368872392167,1.9,1.49,55.18,449.21,102.14,2.71,0.17,65.5,8.5,80.0,11.44,3518.11,130.12,30.6,23.93,2.78,8.58,8.33,2.14,0.2,0.13,56.76,591.49,109.24,3.45,0.21,60.0,8.6,82.0,14.22,3744.23,41.36,0.03,56.0,0.42,15.5,0.88,27.09,193792.0,2987.0,2480.3788557532325,3.0,0.44239975871163245,31645586.879999995,0.28,63.5,0.54,4.13,0.99,29.88,22607.0,348.0,289.3510815307821,1434.0,22.0,18.354025342378094,3.0,12.77,70.21,0.0,0.0,0.0,17.02,49.0,1.0,0.627159861768847,2.0,0.0,44.88,0.12,39.98,0.43,14.59,4934.0,76.0,63.15115832586716,24.0,5.0,14.0,2.0,0.21358896989307746,0.12461263603527142,67736.15999999999,39434.4,0.09,0.07,0.86,0.87,0.34,0.92,0.0,0.0,0.08,0.68,0.0,0.0
pccm_amaranth_hne_57,0.6678832116788321,0.6326034063260341,0.5961070559610706,0.5559610705596107,0.5158150851581509,0.2,0.13,0.17,90.33,0.03,7.82,0.07,1.6,69722.0,1000.0,975.4057078903189,66.7,47.7,1.12,69.05,0.57,0.66,0.0,28.6,4662.0,67.0,65.22104085058757,8.7,6.2,28.86,109.85,74.88,1.07,2.84,13.89,7.6,82.0,18.64,3015.02,2438.88,149.0,2.0,2.0844991606043646,0.0,21.0,0.35,87.31,0.09,1.45,0.0,10.8,9255.0,133.0,129.47677672076105,4.0,2.89,0.0,73.13,0.0,7.46,1.49,17.91,68.0,1.0,0.9513150531617235,0.1,0.09,53.8,193.58,172.78,0.71,0.76,32.29,13.9,69.0,18.36,5784.89,144.41,20.2,14.47,2.78,8.9,8.64,2.33,0.0,0.0,85.37,248.31,162.83,0.83,0.65,36.3,14.4,81.0,16.83,6138.87,42.0,0.18,90.68,0.02,1.78,0.07,7.27,329736.0,4729.0,4612.982652490206,3.0,0.2306160354075148,47698331.03999999,0.58,77.47,0.24,0.77,0.01,20.93,13346.0,191.0,186.7095691102406,1316.0,19.0,18.410744264129825,1.0,3.74,78.5,0.0,0.93,0.0,16.82,107.0,2.0,1.4969222160044766,2.0,0.63,87.56,0.11,1.25,0.06,10.38,1789.0,26.0,25.027979854504757,30.0,9.0,11.0,0.0,0.24114328704059254,0.04460533426663895,115299.36,21276.0,0.1,0.08,0.86,0.87,,,,,,,,
pccm_amaranth_hne_58,0.6395759717314488,0.6113074204946997,0.5818610129564193,0.541813898704358,0.4829210836277974,0.2,0.2,0.42,96.06,0.03,0.07,0.37,3.05,26022.0,1000.0,256.09684086211985,70.6,71.77,1.15,84.37,3.02,0.34,1.87,9.26,2379.0,91.0,23.413049896663715,3.0,3.0,20.29,343.85,47.58,0.0,3.18,34.59,5.3,70.0,10.7,1813.55,1605.73,40.0,2.0,0.3936620411376833,0.0,15.0,0.08,86.48,0.11,0.19,0.14,13.0,3772.0,145.0,37.122330479283534,0.3,0.3,0.0,69.23,3.85,0.0,0.0,26.92,27.0,1.0,0.2657218777679362,2.7,2.77,28.29,504.61,65.55,0.18,0.14,38.56,7.7,70.0,22.2,2932.81,143.31,23.2,23.57,3.39,9.59,9.26,2.81,0.0,0.0,34.44,341.28,34.76,0.52,0.0,17.91,7.6,55.0,30.92,3075.31,36.12,0.47,92.26,0.33,2.26,0.23,4.44,202520.0,7783.0,1993.1109142800906,3.0,0.7524498110458069,71765583.83999999,0.22,92.41,0.17,0.02,0.38,6.79,28677.0,1102.0,282.2261588426336,821.0,32.0,8.07991339435095,1.0,35.05,62.89,0.0,0.0,1.03,1.03,97.0,4.0,0.954630449758882,3.0,0.15,94.61,0.0,0.89,0.3,4.05,2033.0,78.0,20.007873240822754,66.0,16.0,54.0,11.0,0.3911385604223013,0.2862419407859722,281805.12,205423.19999999998,0.13,0.1,0.79,0.81,,,,,,,,
pccm_amaranth_hne_59,0.7015113350125944,0.6649874055415617,0.6133501259445844,0.5629722921914357,0.5062972292191436,0.1,0.13,0.68,54.29,1.81,2.24,0.0,40.99,26989.0,1000.0,308.3752285191956,20.3,17.75,0.97,28.81,5.75,0.03,0.08,64.36,3615.0,134.0,41.304844606946986,14.3,12.48,34.5,337.76,59.8,0.67,8.39,30.5,3.3,64.0,7.51,1252.22,1829.59,67.0,2.0,0.7655393053016454,0.0,25.0,0.06,33.34,0.7,0.29,0.0,65.6,6480.0,240.0,74.04021937842779,0.5,0.44,0.0,25.81,4.84,0.0,0.0,69.35,62.0,2.0,0.7084095063985375,0.1,0.06,41.72,490.5,105.21,0.34,0.17,35.47,4.6,53.0,11.67,1948.7,155.33,64.7,56.66,2.16,8.07,7.72,1.95,0.0,0.0,58.46,663.83,133.36,1.15,0.1,41.75,5.8,66.0,10.47,2585.76,60.95,1.02,37.07,2.39,0.21,0.01,59.3,113197.0,4194.0,1293.3843692870203,3.0,0.5071121464312693,17747553.599999998,0.21,37.76,2.09,0.03,0.05,59.87,31217.0,1157.0,356.6841864716636,1079.0,40.0,12.328610603290677,1.0,42.19,25.39,0.0,0.0,0.0,32.42,258.0,10.0,2.9478976234003658,2.0,0.8,48.77,0.57,0.23,0.0,49.63,1745.0,65.0,19.938299817184646,32.0,7.0,9.0,0.0,0.654728006761291,0.0976576287111481,116964.0,17331.839999999997,0.09,0.07,0.86,0.88,,,,,,,,
pccm_amaranth_hne_60,0.6859848484848485,0.6496212121212122,0.606439393939394,0.5556818181818182,0.49356060606060603,0.5,0.37,1.01,91.3,0.02,0.34,0.02,7.31,72591.0,1000.0,990.0572831423896,60.7,44.54,2.06,72.38,0.4,0.15,0.31,24.7,3288.0,45.0,44.844517184942724,1.3,0.92,48.62,265.17,50.41,0.17,16.31,14.78,4.5,74.0,22.93,1606.51,2367.27,116.0,2.0,1.5821058374249866,10.0,16.0,0.46,80.93,0.46,0.43,0.0,17.72,3314.0,46.0,45.19912711402073,0.2,0.16,0.0,47.62,0.0,0.0,0.0,52.38,42.0,1.0,0.5728314238952538,5.4,3.98,55.24,348.61,53.08,0.75,1.81,19.55,4.4,54.0,19.9,1808.58,142.94,31.8,23.28,1.85,7.72,7.41,1.59,0.1,0.07,53.59,264.5,45.65,0.99,0.99,20.84,4.7,55.0,6.05,2067.17,30.27,0.85,71.8,0.27,0.22,0.04,26.83,124471.0,1715.0,1697.6404800872888,3.0,1.5939022540331709,44544764.16,1.07,83.83,0.62,0.04,0.13,14.29,17351.0,239.0,236.64757228587018,1102.0,15.0,15.030005455537372,2.0,11.82,77.67,0.16,0.0,0.0,10.34,618.0,9.0,8.428805237315876,2.0,0.42,87.41,0.21,0.94,0.42,10.6,968.0,13.0,13.202400436442991,93.0,18.0,71.0,11.0,0.6300992990237654,0.43428457563529727,282456.0,193451.03999999998,0.16,0.11,0.75,0.76,,,,,,,,
